{
    "version": 2,
    "builds": [
        {
            "src": "app.py",
            "use": "@vercel/python"
        }
    ],
    "rewrites": [
        {
            "source": "/(.*)",
            "destination": "/app.py"
        }
    ],
    "headers": [
        {
            "source": "/(.*)",
            "headers": [
                {
                    "key": "Content-Security-Policy",
                    "value": "default-src 'self'; script-src 'self' 'unsafe-inline' https://cdn.tailwindcss.com https://cdn.jsdelivr.net; style-src 'self' 'unsafe-inline' https://cdnjs.cloudflare.com https://fonts.googleapis.com; font-src 'self' https://cdnjs.cloudflare.com https://fonts.gstatic.com; img-src 'self' data:; object-src 'none'; base-uri 'self'; form-action 'self'; frame-ancestors 'self'; upgrade-insecure-requests;"
                },
                {
                    "key": "X-Frame-Options",
                    "value": "SAMEORIGIN"
                },
                {
                    "key": "X-Content-Type-Options",
                    "value": "nosniff"
                },
                {
                    "key": "Referrer-Policy",
                    "value": "strict-origin-when-cross-origin"
                },
                {
                    "key": "Permissions-Policy",
                    "value": "geolocation=(), microphone=(), camera=(), interest-cohort=(), payment=(), usb=(), vr=()"
                },
                {
                    "key": "Cross-Origin-Opener-Policy",
                    "value": "same-origin"
                },
                {
                    "key": "Cross-Origin-Resource-Policy",
                    "value": "same-origin"
                },
                {
                    "key": "Strict-Transport-Security",
                    "value": "max-age=63072000; includeSubDomains; preload"
                },
                {
                    "key": "X-XSS-Protection",
                    "value": "1; mode=block"
                }
            ]
        }
    ]
}